{
    "train_loss": [
        3.7423414977436718,
        3.0511368668892165,
        2.6502051285722037,
        2.368502893739126,
        2.1458473308858546,
        1.9819251529195092,
        1.8366127832030708,
        1.724080240861936,
        1.6111973922022365,
        1.5183428221128203,
        1.4294084699147127,
        1.3446121240373363,
        1.256634428165853,
        1.1917756522413006,
        1.1083994570442222,
        1.0347924047065051,
        0.9691018534993584,
        0.9028535571203313,
        0.8394611347043379,
        0.776170658074658,
        0.7210287795486775,
        0.6709597862579606,
        0.6229415182447569,
        0.5650993912819434,
        0.5338957442648031,
        0.5076433675871654,
        0.45941778958182444,
        0.4363679956983436,
        0.4045609456952661,
        0.3665560895407742,
        0.34664620222015813,
        0.3229509239212017,
        0.3162948517763818,
        0.29276181796607986,
        0.27864341950044036,
        0.2618709426606074,
        0.2404037336713042,
        0.2434451229849153,
        0.23487315845506435,
        0.21486616126176986,
        0.21760634376286445,
        0.22579755644652655,
        0.18395642713982274,
        0.16882144500215707,
        0.18451867860064589,
        0.2114293955382891,
        0.1528961023749699,
        0.15577636430018835,
        0.16238055233208631,
        0.16984920892652802
    ],
    "train_acc": [
        0.12324444444444445,
        0.2363111111111111,
        0.3158666666666667,
        0.37577777777777777,
        0.4235555555555556,
        0.46315555555555554,
        0.4952888888888889,
        0.5221777777777777,
        0.5519111111111111,
        0.5722444444444444,
        0.5956222222222223,
        0.6146888888888888,
        0.6390888888888889,
        0.6525555555555556,
        0.6736666666666666,
        0.6941777777777778,
        0.7154,
        0.7300666666666666,
        0.7480222222222223,
        0.7666,
        0.7821777777777777,
        0.7966,
        0.8117555555555556,
        0.8291777777777778,
        0.8384666666666667,
        0.8440222222222222,
        0.8601555555555556,
        0.8663111111111111,
        0.876,
        0.889,
        0.8941777777777777,
        0.9036666666666666,
        0.9034222222222222,
        0.9120888888888888,
        0.9156888888888889,
        0.9202444444444444,
        0.9273777777777777,
        0.9267333333333333,
        0.9280444444444444,
        0.9365333333333333,
        0.9341777777777778,
        0.9300666666666667,
        0.9447555555555556,
        0.9488,
        0.9447555555555556,
        0.9340666666666667,
        0.9544888888888889,
        0.9539555555555556,
        0.9517111111111111,
        0.9474222222222223
    ],
    "val_loss": [
        3.3163445388214496,
        2.8848541114903705,
        2.6695484088945993,
        2.479498067988625,
        2.1811619348163847,
        2.069244843495043,
        2.0590858625460275,
        2.03756274754488,
        1.9317958113513416,
        1.940737727322156,
        1.9152733992926683,
        1.9806225330014773,
        1.9116766377340388,
        1.9461189372630059,
        2.026281809505028,
        1.97233467992348,
        1.9600387192979645,
        1.9855771660804749,
        2.081553924687301,
        2.102008857304537,
        2.1516153936899163,
        2.2020210435118854,
        2.2148605056955843,
        2.2536309836786006,
        2.5481831695460064,
        2.421432109573219,
        2.5077872329120394,
        2.5103174221666555,
        2.5126699639272085,
        2.6210791611973243,
        2.8403478725047053,
        2.7639794500568247,
        2.7912233705762066,
        2.8740218470368206,
        3.02999809874764,
        2.8734326890752286,
        3.015419701986675,
        3.1130088265938096,
        3.0657093245771865,
        3.1244602143010005,
        3.1090426973149747,
        3.1354455253745934,
        3.2410860393620746,
        3.181489232220227,
        3.2418722517882723,
        3.3401597708086426,
        3.213667895220503,
        3.389656866653056,
        3.3616114688825003,
        3.353035821190363
    ],
    "val_acc": [
        0.1788,
        0.2802,
        0.317,
        0.3558,
        0.41,
        0.4428,
        0.4436,
        0.4532,
        0.4788,
        0.4792,
        0.4878,
        0.49,
        0.4868,
        0.4976,
        0.4826,
        0.4882,
        0.5032,
        0.4912,
        0.4816,
        0.4884,
        0.48,
        0.483,
        0.488,
        0.4804,
        0.4696,
        0.4778,
        0.4734,
        0.469,
        0.476,
        0.4636,
        0.4592,
        0.469,
        0.4792,
        0.4616,
        0.464,
        0.4692,
        0.4608,
        0.46,
        0.4566,
        0.474,
        0.4694,
        0.4638,
        0.4546,
        0.4686,
        0.4548,
        0.4716,
        0.4684,
        0.4602,
        0.4652,
        0.4628
    ]
}