{
    "train_loss": [
        3.8868154676800426,
        3.3161105273122136,
        2.9543385278772223,
        2.6980139731683512,
        2.501677690581842,
        2.3469940132715483,
        2.2102349212562498,
        2.111116227947853,
        2.0180750394409355,
        1.9409385286271572,
        1.8733318334614688,
        1.8058821494606407,
        1.7528771805492314,
        1.7073532060127368,
        1.6622371710836887,
        1.6225572948090055,
        1.5903676086190073,
        1.551167751408436,
        1.5170501871034503,
        1.48730984846638,
        1.45961407140236,
        1.441550856286829,
        1.4123671142892404,
        1.3869946453381667,
        1.3646607195789164,
        1.3425572607666254,
        1.3176033291965723,
        1.3057917045768013,
        1.2896425300701098,
        1.2641124422238632,
        1.25208350694315,
        1.2305179261179133,
        1.214785498736257,
        1.1978614534336058,
        1.1798137602480976,
        1.1685857672921636,
        1.1549028915099122,
        1.1331323067742316,
        1.1205737755887888,
        1.1091413244774395,
        1.0958436009558765,
        1.0868883696808056,
        1.0781137915328145,
        1.0664460647173903,
        1.0480590850453486,
        1.0389167768880725,
        1.032336664809422,
        1.0186034524813294,
        1.0061634938147934,
        0.9975356721234593
    ],
    "train_acc": [
        0.10057777777777778,
        0.18862222222222222,
        0.2593111111111111,
        0.30891111111111114,
        0.35015555555555555,
        0.3842888888888889,
        0.4116666666666667,
        0.4341555555555556,
        0.4513111111111111,
        0.4708222222222222,
        0.48688888888888887,
        0.5049555555555556,
        0.5172888888888889,
        0.5276222222222222,
        0.5390444444444444,
        0.5465555555555556,
        0.5557333333333333,
        0.5656222222222222,
        0.5741111111111111,
        0.5825333333333333,
        0.5882666666666667,
        0.5914222222222222,
        0.6009777777777778,
        0.6068666666666667,
        0.6128222222222223,
        0.6164888888888889,
        0.6238444444444444,
        0.6264888888888889,
        0.6308222222222222,
        0.6380666666666667,
        0.6401333333333333,
        0.6447333333333334,
        0.6504666666666666,
        0.6542888888888889,
        0.6591111111111111,
        0.6624222222222222,
        0.666,
        0.6724888888888889,
        0.6742,
        0.6769777777777778,
        0.6787555555555556,
        0.6816222222222222,
        0.6883111111111111,
        0.6874,
        0.6925333333333333,
        0.6953777777777778,
        0.6953333333333334,
        0.7007111111111111,
        0.7050444444444445,
        0.7038666666666666
    ],
    "val_loss": [
        3.600216865539551,
        3.1970898229864577,
        2.950749137733556,
        2.5853785382041448,
        2.620252835599682,
        2.4079121019266827,
        2.3145747260202336,
        2.1650858891161184,
        2.1273134086705463,
        2.054827604112746,
        1.9812103162837933,
        2.0638582268847694,
        1.9587152200409128,
        1.864473365530183,
        1.9935736444931995,
        1.9319775451587726,
        1.8268752611136134,
        1.9474774840511853,
        1.8404337409176403,
        1.7984125946141496,
        1.8072113704077806,
        1.7854760628712327,
        1.8111593708207336,
        1.844335874424705,
        1.6989743664294858,
        1.7446939386898959,
        1.761741218687613,
        1.7198150791699374,
        1.7224589359911182,
        1.826045789296114,
        1.8627327484420584,
        1.6709973963001106,
        1.8487291668034807,
        1.6884082087987586,
        1.742508741873729,
        1.787522459331947,
        1.6618014830577224,
        1.7299534663369385,
        1.6599465925482255,
        1.7313574612895144,
        1.6599378525456296,
        1.6615864400622211,
        1.7305828649786454,
        1.6965519619893423,
        1.6698275955417488,
        1.704664391807363,
        1.6887182691429234,
        1.7318861514707156,
        1.7119613674622547,
        1.7140993272201925
    ],
    "val_acc": [
        0.1418,
        0.2242,
        0.2606,
        0.3366,
        0.336,
        0.3774,
        0.3958,
        0.4378,
        0.4406,
        0.453,
        0.4698,
        0.4554,
        0.49,
        0.4938,
        0.4804,
        0.5054,
        0.5184,
        0.5,
        0.5172,
        0.5274,
        0.5238,
        0.5268,
        0.5302,
        0.5262,
        0.5434,
        0.54,
        0.5518,
        0.55,
        0.5472,
        0.532,
        0.5406,
        0.5698,
        0.5412,
        0.5596,
        0.5676,
        0.5576,
        0.576,
        0.5616,
        0.5624,
        0.5626,
        0.5716,
        0.575,
        0.563,
        0.565,
        0.579,
        0.5768,
        0.5708,
        0.5688,
        0.5726,
        0.5762
    ]
}