{
    "train_loss": [
        3.822189768945629,
        3.2088261957873,
        2.8624719550663773,
        2.6149532747539608,
        2.416766531426798,
        2.2563281364061614,
        2.1314353251999076,
        2.0285237798975273,
        1.9466043751348148,
        1.86684836701236,
        1.8100685348564929,
        1.7540464216673917,
        1.7010655028914863,
        1.6547488856383346,
        1.6176857203245163,
        1.577361581508409,
        1.5369489179416136,
        1.5089201556349343,
        1.4778402058238334,
        1.445616269568828,
        1.420013260773637,
        1.3937732612883502,
        1.369699043137106,
        1.3452986242588272,
        1.3269817520102316,
        1.3111221732741052,
        1.293160947717049,
        1.2710267279974439,
        1.254447161812674,
        1.2377981049093334,
        1.211229939183051,
        1.2008501033044674,
        1.18613602144813,
        1.1829677903178064,
        1.1503668005832217,
        1.1386296202174642,
        1.1316561794585802,
        1.1160112187605014,
        1.0982612193646757,
        1.0969960984181275,
        1.084420421584086,
        1.0656243494965814,
        1.0521409261802381,
        1.041209452108226,
        1.0321335590190508,
        1.0209150316871025,
        1.0119266695427624,
        1.0069483024152843,
        0.9968692205676978,
        0.9774185791611671
    ],
    "train_acc": [
        0.1092888888888889,
        0.20826666666666666,
        0.2744,
        0.32395555555555555,
        0.36604444444444445,
        0.4014,
        0.4303111111111111,
        0.4527555555555556,
        0.47013333333333335,
        0.49133333333333334,
        0.5061333333333333,
        0.5166666666666667,
        0.5318222222222222,
        0.5417111111111111,
        0.5510222222222222,
        0.562,
        0.5685555555555556,
        0.5796444444444444,
        0.5849333333333333,
        0.5924666666666667,
        0.5987111111111111,
        0.6030444444444445,
        0.6125333333333334,
        0.6171111111111112,
        0.6256,
        0.6249333333333333,
        0.6316222222222222,
        0.6357111111111111,
        0.6418222222222222,
        0.6445333333333333,
        0.6539777777777778,
        0.6531555555555556,
        0.6588222222222222,
        0.6596222222222222,
        0.6689111111111111,
        0.6706222222222222,
        0.6721555555555555,
        0.6762666666666667,
        0.6811333333333334,
        0.6828666666666666,
        0.6852,
        0.6890888888888889,
        0.6921333333333334,
        0.6946,
        0.6991777777777778,
        0.7013777777777778,
        0.7029333333333333,
        0.7039555555555556,
        0.7074666666666667,
        0.7124222222222222
    ],
    "val_loss": [
        3.538795163359823,
        3.1211691777917405,
        2.961920466604112,
        2.5988143063798734,
        2.376181902764719,
        2.2939957832988305,
        2.27050440371791,
        2.1109952217415917,
        2.1107319940494587,
        2.0376375566554974,
        1.9729458787773229,
        1.9604802056203914,
        1.8990567967861514,
        1.907801308209383,
        1.8535363674163818,
        1.8722499805160715,
        1.8016747130623347,
        1.7942538940453832,
        1.8262211853944803,
        1.7138077081004275,
        1.6979891680463959,
        1.7538590748098832,
        1.6759854117526283,
        1.7255148148234887,
        1.7025759793535065,
        1.7109132326101955,
        1.7778519980515106,
        1.6756467668316033,
        1.7998685097392602,
        1.662074158463297,
        1.6891424444657337,
        1.6676323353489744,
        1.636713085295279,
        1.6900156540206717,
        1.6657276651527309,
        1.6988081034225753,
        1.67301393309726,
        1.6797740881956076,
        1.6934100208403189,
        1.616439565827575,
        1.6474643372282196,
        1.6860992236982417,
        1.7312614721587942,
        1.6603825922253765,
        1.6201295158531093,
        1.651651165153407,
        1.575925246824192,
        1.6708866357803345,
        1.624545282955411,
        1.5961115480978278
    ],
    "val_acc": [
        0.1466,
        0.226,
        0.2686,
        0.3322,
        0.3746,
        0.4018,
        0.4172,
        0.4392,
        0.4434,
        0.4624,
        0.472,
        0.482,
        0.4932,
        0.4986,
        0.5068,
        0.5022,
        0.5274,
        0.5246,
        0.52,
        0.5458,
        0.5488,
        0.5528,
        0.548,
        0.5438,
        0.5534,
        0.5496,
        0.5394,
        0.5594,
        0.535,
        0.5612,
        0.5518,
        0.5678,
        0.5702,
        0.5648,
        0.5708,
        0.5692,
        0.5736,
        0.573,
        0.5658,
        0.5792,
        0.579,
        0.5714,
        0.5644,
        0.5858,
        0.5832,
        0.5876,
        0.5942,
        0.5824,
        0.5918,
        0.5898
    ]
}