{
    "train_loss": [
        4.152353116057136,
        3.784083790738474,
        3.475713534449989,
        3.164838782765649,
        2.8831405957991425,
        2.617745128883557,
        2.3936332008716734,
        2.2112577051262963,
        2.0644877700304445,
        1.9395542349666357,
        1.8250398375093937,
        1.740114046430046,
        1.650193390351805,
        1.5850570815700022,
        1.521435618061911,
        1.4444824513047934,
        1.3904823511838913,
        1.334208139726384,
        1.2857012859630315,
        1.2453020425005392,
        1.1996480307795785,
        1.1589493217285385,
        1.1117352176965638,
        1.0799222766337069,
        1.0512155886231498,
        1.0124413260174068,
        0.9831743093884804,
        0.9516378776593641,
        0.9212722933258523,
        0.8917092949321325,
        0.8642245188186114,
        0.8362299873154949,
        0.812717043667693,
        0.784319394691424,
        0.7592674743553455,
        0.7398960697464645,
        0.7202233914285898,
        0.7037475256841969,
        0.67741600910879,
        0.6603412231515077,
        0.6386404456570745,
        0.6208772825669836,
        0.6072241836227477,
        0.5812155731361021,
        0.5804096053947102,
        0.5543289956298064,
        0.5335220357995819,
        0.5263628263915465,
        0.5181119817901741,
        0.49355426748198544
    ],
    "train_acc": [
        0.054933333333333334,
        0.10468888888888889,
        0.15522222222222223,
        0.20904444444444445,
        0.2628666666666667,
        0.31895555555555555,
        0.36335555555555554,
        0.40415555555555555,
        0.43944444444444447,
        0.46842222222222224,
        0.49764444444444444,
        0.5208222222222222,
        0.5350888888888888,
        0.5552666666666667,
        0.5690888888888889,
        0.5886666666666667,
        0.6014666666666667,
        0.6167777777777778,
        0.6287777777777778,
        0.6379777777777778,
        0.6528888888888889,
        0.6628222222222222,
        0.6744444444444444,
        0.6823111111111111,
        0.6877777777777778,
        0.7002444444444444,
        0.7097111111111111,
        0.7166888888888889,
        0.7239555555555556,
        0.7313777777777778,
        0.7401111111111112,
        0.7475333333333334,
        0.7511333333333333,
        0.7584888888888889,
        0.7695777777777778,
        0.7717111111111111,
        0.7784444444444445,
        0.784,
        0.7896888888888889,
        0.7943111111111111,
        0.8021777777777778,
        0.8055111111111111,
        0.8100666666666667,
        0.8172666666666667,
        0.8149111111111111,
        0.8229555555555556,
        0.8323777777777778,
        0.8334444444444444,
        0.8338444444444445,
        0.8424666666666667
    ],
    "val_loss": [
        3.9750118014178697,
        3.7674576240249826,
        3.359006332445748,
        3.0782822325259827,
        2.919124066075192,
        2.7493482722511775,
        2.473155694671824,
        2.3105321971676016,
        2.258935753303238,
        2.07242588453655,
        2.015258541590051,
        1.9587489321262022,
        1.9280438921119594,
        1.7855901491792896,
        1.7655156835725037,
        1.6889890749243242,
        1.7600001051456113,
        1.6255725146848945,
        1.6692073722428913,
        1.5719382740274261,
        1.648440797117692,
        1.6918666249589076,
        1.631313858152945,
        1.6272462621519836,
        1.5980392777467076,
        1.5972320082821423,
        1.5436918660055232,
        1.647469392305688,
        1.5789703832396977,
        1.5558075444607795,
        1.5737701669523987,
        1.5504677567300917,
        1.6352335199525085,
        1.6661822773233246,
        1.6441108637218234,
        1.5602016799812075,
        1.6791043183471583,
        1.6761006886446024,
        1.6402753810339337,
        1.609633808649039,
        1.6527579819099814,
        1.643083475813081,
        1.720260821565797,
        1.7462996123712273,
        1.737498462954654,
        1.740749569633339,
        1.7381949703904647,
        1.7822746853285198,
        1.772759705404692,
        1.743757803228837
    ],
    "val_acc": [
        0.0754,
        0.1044,
        0.1674,
        0.234,
        0.2662,
        0.3102,
        0.3602,
        0.3938,
        0.4128,
        0.4568,
        0.4694,
        0.4828,
        0.496,
        0.5232,
        0.5296,
        0.5446,
        0.5292,
        0.5568,
        0.5546,
        0.574,
        0.563,
        0.5592,
        0.574,
        0.5832,
        0.5902,
        0.5956,
        0.6,
        0.5898,
        0.6004,
        0.6028,
        0.606,
        0.5992,
        0.5894,
        0.5982,
        0.6012,
        0.6142,
        0.6086,
        0.6128,
        0.6144,
        0.6176,
        0.615,
        0.6148,
        0.6082,
        0.6034,
        0.6168,
        0.6086,
        0.6086,
        0.6126,
        0.621,
        0.6204
    ]
}