{
    "train_loss": [
        3.854491548782045,
        3.181004102257165,
        2.744773282923482,
        2.421935499561104,
        2.184514908966693,
        1.9967218666252764,
        1.8526468334550208,
        1.7242379742251202,
        1.619961835613305,
        1.5285231999375604,
        1.4488702026111158,
        1.3748958698389204,
        1.3061531085351652,
        1.2447321143170649,
        1.188577665608715,
        1.135909458960999,
        1.0884944394400173,
        1.0408463982695884,
        1.0016412006013773,
        0.966524597426707,
        0.9235504195094109,
        0.9005056091330268,
        0.8582259624857794,
        0.8237313387322832,
        0.7976393292404034,
        0.7652109328403391,
        0.7397370301610366,
        0.7127639057368718,
        0.6846589721654627,
        0.6653776709836993,
        0.6359048429453238,
        0.6128593977456066,
        0.6026350076691332,
        0.5814568837681278,
        0.5629863211758096,
        0.5401687412522733,
        0.526637477546253,
        0.5143629494123161,
        0.49291525211777876,
        0.4722399292302064,
        0.47430959244428034,
        0.4573395609940318,
        0.43155168661509047,
        0.4308715888764709,
        0.4090727243720638,
        0.3986280874814838,
        0.3935291623612019,
        0.384638435239057,
        0.3802602242636071,
        0.363463035594164
    ],
    "train_acc": [
        0.09844444444444445,
        0.20813333333333334,
        0.2919555555555556,
        0.3598222222222222,
        0.40926666666666667,
        0.4547555555555556,
        0.4856,
        0.5190666666666667,
        0.5449555555555555,
        0.5683555555555555,
        0.5854888888888888,
        0.6058,
        0.6228,
        0.6389333333333334,
        0.6519333333333334,
        0.6652222222222223,
        0.6767333333333333,
        0.6908666666666666,
        0.702,
        0.7102444444444445,
        0.721,
        0.7266666666666667,
        0.7410888888888889,
        0.7474444444444445,
        0.7563555555555556,
        0.7641111111111111,
        0.7726444444444445,
        0.7816,
        0.7867777777777778,
        0.7913111111111111,
        0.7994666666666667,
        0.8068888888888889,
        0.8111555555555555,
        0.8160444444444445,
        0.8207111111111111,
        0.8286444444444444,
        0.8313111111111111,
        0.8357111111111111,
        0.8411777777777778,
        0.8488666666666667,
        0.8454888888888888,
        0.8518444444444444,
        0.8595111111111111,
        0.8596444444444444,
        0.8659555555555556,
        0.8686444444444444,
        0.8713777777777778,
        0.8750888888888889,
        0.8743777777777778,
        0.8800888888888889
    ],
    "val_loss": [
        3.5668136168129836,
        3.0739061560811876,
        2.589412004132814,
        2.3972430666790734,
        2.427975868876976,
        2.139749323265462,
        1.941809637637078,
        1.9981075102769876,
        1.7496817791009251,
        1.718432808224159,
        1.6586491774909105,
        1.5934330051458334,
        1.7213580155674415,
        1.6552298431155048,
        1.5357520957536335,
        1.4927172419391102,
        1.5495446015007888,
        1.5454425057278405,
        1.535496996927865,
        1.4806517875647243,
        1.474969233893141,
        1.5104981781561164,
        1.4422862914544117,
        1.4559650941740108,
        1.5311028267009348,
        1.5386706726460517,
        1.4467249565486666,
        1.474678717836549,
        1.4948158437692667,
        1.513211848615091,
        1.4905352901808824,
        1.5417793083794509,
        1.632191684049896,
        1.5818262213393102,
        1.5364565883256212,
        1.5634682035144372,
        1.605762732179859,
        1.5374540482895285,
        1.5868563154075719,
        1.6464351634436016,
        1.6415080658242673,
        1.6663064711456057,
        1.6084342228272293,
        1.673346299159376,
        1.6384269927121415,
        1.6487766255306293,
        1.725715800176693,
        1.7993435897404635,
        1.7526929657670516,
        1.7378294105771221
    ],
    "val_acc": [
        0.1388,
        0.235,
        0.3288,
        0.3696,
        0.3838,
        0.436,
        0.4766,
        0.48,
        0.5258,
        0.5292,
        0.5528,
        0.5584,
        0.5474,
        0.5616,
        0.582,
        0.5952,
        0.5888,
        0.5948,
        0.5962,
        0.6088,
        0.6216,
        0.614,
        0.6264,
        0.6228,
        0.618,
        0.6204,
        0.638,
        0.6338,
        0.6322,
        0.632,
        0.6426,
        0.6384,
        0.6242,
        0.6286,
        0.6376,
        0.6436,
        0.6282,
        0.658,
        0.642,
        0.6374,
        0.6432,
        0.6444,
        0.6494,
        0.6484,
        0.6482,
        0.649,
        0.6512,
        0.6432,
        0.6454,
        0.65
    ]
}