{
    "train_loss": [
        3.831814429299398,
        3.1793372969735754,
        2.786117044023492,
        2.491633264347911,
        2.2761386194351045,
        2.1132872082631695,
        1.9648286817934026,
        1.860096454959024,
        1.7630410765043714,
        1.6756394300609827,
        1.5984967166388577,
        1.5286393451758407,
        1.4615337184884332,
        1.407978768037124,
        1.3467285332523964,
        1.2893952993168072,
        1.245793507095765,
        1.1914132011376999,
        1.1465821365233173,
        1.0971732366491447,
        1.0517376129600136,
        1.013220894404433,
        0.9731827766041864,
        0.9257849125530232,
        0.8904474510557272,
        0.8543783322569322,
        0.8089505004781213,
        0.7804531885988333,
        0.7437640020454471,
        0.7078745796514506,
        0.6777118872004476,
        0.6499972346408124,
        0.6120390731164,
        0.5830021641979163,
        0.5598788729614832,
        0.5276154007932002,
        0.5080662799829786,
        0.4784198578193106,
        0.4550899163057858,
        0.42965613305568695,
        0.40581685361791064,
        0.39282093806700275,
        0.3734303161671216,
        0.3591282463378527,
        0.3306934309445999,
        0.32891428466378286,
        0.31421100439249794,
        0.2833370105786757,
        0.2841493583241986,
        0.26172938517464156
    ],
    "train_acc": [
        0.10937777777777778,
        0.2119111111111111,
        0.2890888888888889,
        0.3498888888888889,
        0.3937555555555556,
        0.42864444444444444,
        0.46395555555555557,
        0.491,
        0.5142666666666666,
        0.5316444444444445,
        0.5484888888888889,
        0.5701111111111111,
        0.5851555555555555,
        0.599,
        0.6140444444444444,
        0.6295333333333333,
        0.6388222222222222,
        0.6533111111111111,
        0.6656666666666666,
        0.6808444444444445,
        0.6938222222222222,
        0.7012888888888889,
        0.7149777777777778,
        0.7288666666666667,
        0.7348222222222223,
        0.7463111111111111,
        0.7598888888888888,
        0.7669111111111111,
        0.7762888888888889,
        0.7888888888888889,
        0.7959777777777778,
        0.8053111111111111,
        0.817,
        0.8253333333333334,
        0.8312,
        0.8422,
        0.8469111111111111,
        0.8555111111111111,
        0.8639777777777777,
        0.8732666666666666,
        0.8796444444444445,
        0.8845333333333333,
        0.8915333333333333,
        0.8948888888888888,
        0.9041111111111111,
        0.9020666666666667,
        0.9072666666666667,
        0.9197333333333333,
        0.9172888888888889,
        0.9254888888888889
    ],
    "val_loss": [
        3.460150078882145,
        3.0907526891442796,
        2.6972808324837985,
        2.442144949224931,
        2.406615390053278,
        2.174566054645973,
        2.1550814818732347,
        1.9798474538175366,
        2.0358457987821557,
        1.8701248772536652,
        1.8689120464687106,
        1.7907930914359758,
        1.90594514412216,
        1.813455996634085,
        1.9587195025214665,
        1.789389180231698,
        1.7743866322915764,
        1.8709674122967297,
        1.744633756106413,
        1.7890302455877956,
        1.771366519264028,
        1.8354434967041016,
        1.809091783777068,
        1.8125297223465353,
        1.7429929564270792,
        1.8394352635250817,
        1.8453157189526135,
        1.828772757626787,
        1.8625134591814838,
        1.9078515556794178,
        1.8921552813505824,
        1.8714179026929638,
        1.9943211757684056,
        1.988160572474516,
        2.0546822744079782,
        2.0576017415976224,
        2.112990400459193,
        2.12497764750372,
        2.019465709034401,
        2.093229418313956,
        2.051683661303943,
        2.1119259882576857,
        2.3089372862743427,
        2.2198636380931998,
        2.39210062690928,
        2.361230068568942,
        2.2948191105564937,
        2.402926552144787,
        2.4238611459732056,
        2.5416834112964097
    ],
    "val_acc": [
        0.1692,
        0.2342,
        0.3072,
        0.3538,
        0.3726,
        0.4116,
        0.4248,
        0.467,
        0.4572,
        0.4878,
        0.4886,
        0.5044,
        0.4916,
        0.497,
        0.4848,
        0.5184,
        0.5252,
        0.504,
        0.5272,
        0.5242,
        0.5252,
        0.5224,
        0.5126,
        0.5278,
        0.5406,
        0.5268,
        0.528,
        0.5318,
        0.532,
        0.533,
        0.5326,
        0.5264,
        0.5174,
        0.5128,
        0.5092,
        0.5236,
        0.4992,
        0.5142,
        0.5238,
        0.5178,
        0.5218,
        0.52,
        0.5,
        0.5208,
        0.4966,
        0.4912,
        0.509,
        0.5008,
        0.4982,
        0.482
    ]
}