{
    "train_loss": [
        1.4130623385479504,
        0.9702233446931298,
        0.7884465473788705,
        0.6690597589635714,
        0.5979006548666141,
        0.5447801373983648,
        0.4987583198076622,
        0.45973520378836175,
        0.42884580979377707,
        0.39531770939092065,
        0.37742064569399436,
        0.3522769137158651,
        0.33191981216342276,
        0.31106955324172636,
        0.29651124155233527,
        0.2799563253277235,
        0.261100328781388,
        0.256341105718589,
        0.23570184084713797,
        0.2293612381326966,
        0.21594657806616108,
        0.20921069046545943,
        0.20003201216141778,
        0.18764731379501012,
        0.17758915411435405,
        0.17062809107433582,
        0.1643510535650421,
        0.16088910039450804,
        0.15324522367816165,
        0.14531517061087387,
        0.13968692064041865,
        0.1304534275127067,
        0.13107657308468001,
        0.1212328444340859,
        0.11750952713456089,
        0.11503073733051265,
        0.10924109771704851,
        0.10177584817045665,
        0.10674042783582328,
        0.10284432635076386,
        0.09801184077778916,
        0.09038708488118243,
        0.08852626193931262,
        0.08864046817722158,
        0.08383417707690652,
        0.08208593501132616,
        0.08110171704803096,
        0.07822021023854507,
        0.0768124272673793,
        0.07315511612978298
    ],
    "train_acc": [
        0.47973333333333334,
        0.6569777777777778,
        0.7247333333333333,
        0.7686666666666667,
        0.7931333333333334,
        0.8124,
        0.8281333333333334,
        0.8420666666666666,
        0.8520222222222222,
        0.8634666666666667,
        0.8692666666666666,
        0.8783111111111112,
        0.8855333333333333,
        0.892,
        0.8969777777777778,
        0.9004888888888889,
        0.9092888888888889,
        0.9098444444444445,
        0.9181777777777778,
        0.9203333333333333,
        0.9238888888888889,
        0.9269333333333334,
        0.9302,
        0.9336888888888889,
        0.9375333333333333,
        0.9393333333333334,
        0.9417777777777778,
        0.9425555555555556,
        0.9454888888888889,
        0.9486222222222223,
        0.9507555555555556,
        0.9538,
        0.9531777777777778,
        0.9573777777777778,
        0.9580888888888889,
        0.9585333333333333,
        0.9608444444444444,
        0.9648444444444444,
        0.9612666666666667,
        0.9639555555555556,
        0.9657777777777777,
        0.9682888888888889,
        0.9688,
        0.9674666666666667,
        0.9711777777777778,
        0.9714444444444444,
        0.9721333333333333,
        0.9725111111111111,
        0.9724666666666667,
        0.9749777777777778
    ],
    "val_loss": [
        1.1389209937445726,
        0.8915984117532079,
        0.7892328381915635,
        0.7265133174914348,
        0.5596855080957654,
        0.5957091667606861,
        0.5068713735930527,
        0.544162276330628,
        0.4416528690276267,
        0.43058850144660926,
        0.4543889864241775,
        0.4619194513446168,
        0.3733298400817793,
        0.4010346611796678,
        0.45220417034211036,
        0.3774933180995757,
        0.4436850679826133,
        0.4504353660571424,
        0.42567137911727154,
        0.36557659299313267,
        0.39914972419980205,
        0.3490675974495803,
        0.34730763723955876,
        0.332678918974309,
        0.38049389022296365,
        0.33182220495765724,
        0.3566056470728562,
        0.38664321450493006,
        0.37221257973320876,
        0.3661531219435738,
        0.34158017078438135,
        0.3754407666340659,
        0.41192213078088397,
        0.3314251474213869,
        0.3497226262300075,
        0.3643821670284754,
        0.33238379107906096,
        0.393761412440976,
        0.3981756592475915,
        0.4500919838400581,
        0.3975131602698489,
        0.36530121231946766,
        0.383177936289318,
        0.3643119273872315,
        0.4221470369603721,
        0.5260410646943352,
        0.3713395193987213,
        0.4006156585403258,
        0.3756239163725971,
        0.40436568340769957
    ],
    "val_acc": [
        0.5986,
        0.6818,
        0.7218,
        0.7502,
        0.8048,
        0.8014,
        0.8228,
        0.816,
        0.8474,
        0.8546,
        0.8488,
        0.8452,
        0.875,
        0.8712,
        0.8488,
        0.8722,
        0.862,
        0.8624,
        0.8716,
        0.8754,
        0.8802,
        0.8868,
        0.8902,
        0.8962,
        0.8866,
        0.8978,
        0.8924,
        0.8842,
        0.8898,
        0.8914,
        0.9012,
        0.8962,
        0.8852,
        0.9018,
        0.8982,
        0.9016,
        0.906,
        0.8936,
        0.8978,
        0.8894,
        0.8984,
        0.9046,
        0.8998,
        0.9052,
        0.8966,
        0.8848,
        0.9082,
        0.9078,
        0.899,
        0.9022
    ]
}