{
    "train_loss": [
        1.3061491802165455,
        0.9398416523736987,
        0.792108803183179,
        0.6841871035708622,
        0.5954376949759369,
        0.5231915617319332,
        0.46058139768005774,
        0.4039185812739147,
        0.35116352200169454,
        0.30225998533635656,
        0.25591659429483116,
        0.22084834999722344,
        0.18556100444402546,
        0.16280453890794888,
        0.14203717227792367,
        0.12514982070900837,
        0.10372569709645839,
        0.10261484772623093,
        0.09657069692118304,
        0.09383866571773648,
        0.07578496293254747,
        0.08129805179619738,
        0.07275649345617487,
        0.06778818362164946,
        0.060430760984176726,
        0.0569452124301196,
        0.06437058574440678,
        0.06375745480909245,
        0.04551374659422436,
        0.06575967636242487,
        0.05501416986391467,
        0.04725381889279974,
        0.041965135216742055,
        0.04764234631346136,
        0.04836700669693528,
        0.0519086668021125,
        0.04413630015849115,
        0.027740786246795324,
        0.040374139140774125,
        0.04084142099335705,
        0.049055114992039635,
        0.030100242459990444,
        0.03845702073323826,
        0.03989687091168228,
        0.026210471629218027,
        0.03136786604111628,
        0.047303383121536834,
        0.03526339844194643,
        0.029586822894088982,
        0.0339241676548144
    ],
    "train_acc": [
        0.5268444444444444,
        0.6656666666666666,
        0.7227555555555556,
        0.7607555555555555,
        0.7909555555555555,
        0.817,
        0.8397333333333333,
        0.8585333333333334,
        0.8775777777777778,
        0.8963333333333333,
        0.9115111111111112,
        0.9228888888888889,
        0.9353777777777778,
        0.9440444444444445,
        0.9503333333333334,
        0.9563555555555555,
        0.9659555555555556,
        0.9650444444444445,
        0.9674222222222222,
        0.9675777777777778,
        0.9746888888888889,
        0.9726666666666667,
        0.9755777777777778,
        0.9770444444444445,
        0.9791777777777778,
        0.9809555555555556,
        0.9780666666666666,
        0.9787333333333333,
        0.9863555555555555,
        0.9774888888888889,
        0.982,
        0.9836444444444444,
        0.9858,
        0.9839333333333333,
        0.9835555555555555,
        0.9821333333333333,
        0.9850666666666666,
        0.9911777777777778,
        0.9866444444444444,
        0.9864,
        0.9832,
        0.9907111111111111,
        0.9868222222222223,
        0.9862222222222222,
        0.9915555555555555,
        0.9898888888888889,
        0.9835777777777778,
        0.9886444444444444,
        0.9903333333333333,
        0.9890666666666666
    ],
    "val_loss": [
        1.062336106089097,
        1.0555354054970076,
        0.9416173123106172,
        0.7817436385003826,
        0.8151085059854049,
        0.6561071367203435,
        0.7039603651324405,
        0.7382489620130274,
        0.630908227796796,
        0.6792066221750235,
        0.73401952204825,
        0.7761164813102046,
        0.7789606440670883,
        0.8714280701890776,
        0.8310207649122311,
        0.9298390968690945,
        0.913890268229231,
        1.0937372536598882,
        1.2057800157160699,
        1.0414839662328552,
        0.9992490101464188,
        1.0263362873958637,
        0.9936483232658121,
        0.9953935395313215,
        1.0122349735679506,
        1.097941258285619,
        1.1041903080819528,
        0.9407893856869468,
        1.2408818251724485,
        1.0242828123177155,
        1.1133029155338867,
        0.9682824060886721,
        1.0968053354115426,
        1.1368990107144736,
        1.1022255973348134,
        1.0726236693466766,
        1.0864770148373857,
        1.1575135196311563,
        1.0978828593145442,
        1.238990845748141,
        1.1221567587573318,
        1.1921174020706853,
        1.1744408381136158,
        1.102400725023656,
        1.1237914871565904,
        1.261714378112479,
        1.2643315988250925,
        1.1603343992293635,
        1.1802416892745826,
        1.1629578065645845
    ],
    "val_acc": [
        0.6096,
        0.6312,
        0.6788,
        0.738,
        0.736,
        0.774,
        0.753,
        0.7632,
        0.7848,
        0.7738,
        0.775,
        0.7598,
        0.7778,
        0.7702,
        0.767,
        0.767,
        0.7548,
        0.7396,
        0.743,
        0.7582,
        0.7704,
        0.7766,
        0.7768,
        0.7754,
        0.786,
        0.7742,
        0.7762,
        0.7878,
        0.7616,
        0.7876,
        0.7786,
        0.7936,
        0.79,
        0.7824,
        0.7844,
        0.787,
        0.7868,
        0.7718,
        0.7858,
        0.7772,
        0.7842,
        0.7754,
        0.7832,
        0.795,
        0.796,
        0.773,
        0.7754,
        0.7924,
        0.792,
        0.7832
    ]
}