{
    "train_loss": [
        1.6679036236283453,
        1.302808302539316,
        1.1285958671095697,
        1.0123916382647373,
        0.921031877652488,
        0.8536676413125612,
        0.7932885306548666,
        0.7359752120788802,
        0.6904504076916386,
        0.6529246036979285,
        0.6184918877076019,
        0.5819135374304923,
        0.5539676403965462,
        0.5288956164467064,
        0.5062849378763613,
        0.48860132035968656,
        0.46120838772251527,
        0.4435020414054055,
        0.4279716932638125,
        0.4117210266518999,
        0.39043374194509606,
        0.37766860417005693,
        0.3676139485852962,
        0.35576400197830726,
        0.34046928348570044,
        0.3276669613022188,
        0.3186556839765134,
        0.30704155189133336,
        0.2939358906481754,
        0.2901755290804431,
        0.27007640682330186,
        0.26653791133801197,
        0.2595532472266562,
        0.2514996126040139,
        0.23823828743876552,
        0.23426464506932956,
        0.2258556462845511,
        0.21600064579714937,
        0.20463855980779044,
        0.20385705680184235,
        0.19708137443839488,
        0.18839898662620477,
        0.1838289810879029,
        0.17741976093913597,
        0.17213537110100416,
        0.1727413002888418,
        0.1638366481162269,
        0.1620783688373525,
        0.15577586086345202,
        0.1578688471345231
    ],
    "train_acc": [
        0.3600888888888889,
        0.5193555555555556,
        0.5919777777777778,
        0.6372,
        0.6746444444444445,
        0.6973777777777778,
        0.7229777777777778,
        0.7426222222222222,
        0.7600888888888889,
        0.7736666666666666,
        0.7870222222222222,
        0.798,
        0.8085111111111111,
        0.8152444444444444,
        0.8223777777777778,
        0.8304888888888889,
        0.8392666666666667,
        0.8465111111111111,
        0.8523555555555555,
        0.8589555555555556,
        0.8655555555555555,
        0.8700444444444444,
        0.8716,
        0.8764666666666666,
        0.8816444444444445,
        0.8866,
        0.8883555555555556,
        0.8942888888888889,
        0.8970444444444444,
        0.8996444444444445,
        0.9053777777777777,
        0.9072444444444444,
        0.9085111111111112,
        0.9123333333333333,
        0.9165111111111112,
        0.9195555555555556,
        0.9188888888888889,
        0.9226222222222222,
        0.9275555555555556,
        0.9291333333333334,
        0.9296222222222222,
        0.9334222222222223,
        0.9329777777777778,
        0.9366444444444444,
        0.9392666666666667,
        0.9380888888888889,
        0.9435555555555556,
        0.9422666666666667,
        0.9455333333333333,
        0.9442888888888888
    ],
    "val_loss": [
        1.773453946355023,
        1.2152985183498528,
        1.195885476432269,
        1.0412626409832435,
        1.132883700766141,
        0.8735352781000016,
        0.8756442211474045,
        0.837521757506117,
        0.7958636996866781,
        0.7462983444521699,
        0.7729230232631104,
        0.7512619035153449,
        0.6300753400295596,
        0.5688890695949144,
        0.6187750210490408,
        0.5693248213280605,
        0.5402342746906643,
        0.5756548299819608,
        0.49606545703320565,
        0.5342437345770341,
        0.4985647925847693,
        0.6111821622788152,
        0.5094612215798867,
        0.5147830958985076,
        0.5660367919297158,
        0.650445673001718,
        0.5017962108684492,
        0.4274135279127314,
        0.4266466519594947,
        0.6597434402078013,
        0.46739907624034943,
        0.5052663019940823,
        0.4352365695411646,
        0.4369074867778941,
        0.45249909294556967,
        0.4648060383204418,
        0.5114996271042884,
        0.5457442348139195,
        0.46458072017265273,
        0.5221222872503951,
        0.453914729477484,
        0.4646108825749989,
        0.4674932518649752,
        0.4234828847118571,
        0.4749663332595101,
        0.4529261547553388,
        0.45276849400959435,
        0.5090744908474669,
        0.5389068801946277,
        0.4825476192032235
    ],
    "val_acc": [
        0.3944,
        0.5588,
        0.565,
        0.618,
        0.611,
        0.7052,
        0.7,
        0.7106,
        0.7386,
        0.7382,
        0.748,
        0.7476,
        0.7866,
        0.809,
        0.7996,
        0.8098,
        0.816,
        0.8066,
        0.8306,
        0.8246,
        0.838,
        0.8092,
        0.8318,
        0.8366,
        0.8156,
        0.8064,
        0.8396,
        0.8598,
        0.8602,
        0.8186,
        0.8544,
        0.8494,
        0.8582,
        0.867,
        0.858,
        0.8628,
        0.8524,
        0.8498,
        0.8636,
        0.853,
        0.87,
        0.8604,
        0.8702,
        0.876,
        0.8652,
        0.8728,
        0.8698,
        0.8564,
        0.8628,
        0.8648
    ]
}