{
    "train_loss": [
        1.3133265446363525,
        0.9508246617730368,
        0.8031742326830599,
        0.7017997382208705,
        0.6257955885534598,
        0.5560823737389662,
        0.5097450416069478,
        0.4581650899172845,
        0.4127154248681935,
        0.37852614309469407,
        0.3387859214139594,
        0.3067236614985053,
        0.27569494853642856,
        0.24619181565305387,
        0.22264028259087354,
        0.19132443816951392,
        0.1753259207630022,
        0.15050105457405813,
        0.13985712344186718,
        0.13104433607606386,
        0.11032583141191439,
        0.10787036464898847,
        0.09319128138833382,
        0.08314203757882668,
        0.09035961605629629,
        0.08360905712338122,
        0.07887518835195806,
        0.06804162167166149,
        0.06871682664297457,
        0.06720885764992669,
        0.0583224468322111,
        0.07033216838582038,
        0.06757743257714371,
        0.05220759216767461,
        0.051850508387195245,
        0.05123412272355794,
        0.04818175733552463,
        0.05253424158680983,
        0.041738520323137476,
        0.04001935796821437,
        0.04248189425230852,
        0.04721166220803174,
        0.04384863705556861,
        0.035770012269329694,
        0.03794383014792402,
        0.04153596605614108,
        0.03467484547780424,
        0.041970669948568684,
        0.0390887694299057,
        0.03009217898480446
    ],
    "train_acc": [
        0.5228,
        0.6635555555555556,
        0.7197333333333333,
        0.7532,
        0.7840444444444444,
        0.8069111111111111,
        0.8216666666666667,
        0.841,
        0.8573555555555555,
        0.8704888888888889,
        0.8830666666666667,
        0.8942666666666667,
        0.9056222222222222,
        0.9161777777777778,
        0.9241111111111111,
        0.9350222222222222,
        0.9405333333333333,
        0.9500222222222222,
        0.9528,
        0.9563777777777778,
        0.964,
        0.9642222222222222,
        0.9695555555555555,
        0.9736222222222222,
        0.9701333333333333,
        0.9721777777777778,
        0.9737555555555556,
        0.9770666666666666,
        0.9769111111111111,
        0.9774444444444444,
        0.9814444444444445,
        0.9770444444444445,
        0.9776222222222222,
        0.9838222222222223,
        0.9832444444444445,
        0.9834,
        0.9838444444444444,
        0.9821555555555556,
        0.9861555555555556,
        0.9874444444444445,
        0.9855777777777778,
        0.9842666666666666,
        0.9854,
        0.9882888888888889,
        0.9877333333333334,
        0.9855777777777778,
        0.9888888888888889,
        0.9860888888888889,
        0.9866666666666667,
        0.9907777777777778
    ],
    "val_loss": [
        1.2628740773925298,
        1.1420320068733603,
        1.0945108646078954,
        1.1802557231504707,
        0.7802717704561692,
        0.8397336696522145,
        0.7604798055902312,
        0.8127159713944302,
        1.0063671797891207,
        0.7689762737932084,
        0.6582677171954626,
        0.7147473545768593,
        0.7511665138262736,
        0.6030634992484805,
        0.8115875471996356,
        0.9633063428764101,
        0.936110065330433,
        0.87404277430305,
        1.0308999268314507,
        0.6791460057602653,
        0.7162455561794813,
        1.0850142859205414,
        1.4231677930566329,
        1.0731089015173008,
        1.1728816285163541,
        1.0780060487457468,
        1.0794692508216146,
        1.2748314013964013,
        0.8773943602661544,
        0.9696242364795431,
        0.8317788379101814,
        1.2258643274065815,
        1.2152434376221668,
        1.1925095610226257,
        1.117049062931085,
        1.0494816918987073,
        1.1645159932631481,
        1.4157926482678969,
        1.2492073144339308,
        1.1325931424581552,
        0.8843377062791511,
        0.8586807617846923,
        0.968919546260864,
        1.1869402806970137,
        1.005194505252227,
        1.0855753267113166,
        1.0336393804489812,
        1.5197153463399722,
        0.9632813063792035,
        1.5071739463866511
    ],
    "val_acc": [
        0.555,
        0.5894,
        0.6214,
        0.6034,
        0.7216,
        0.717,
        0.7356,
        0.7452,
        0.6772,
        0.7478,
        0.7836,
        0.7726,
        0.777,
        0.807,
        0.7692,
        0.7328,
        0.7632,
        0.7628,
        0.7304,
        0.7996,
        0.8018,
        0.737,
        0.7088,
        0.7528,
        0.7486,
        0.7542,
        0.7728,
        0.7262,
        0.796,
        0.7752,
        0.8038,
        0.7668,
        0.7586,
        0.7612,
        0.7728,
        0.7888,
        0.7668,
        0.7236,
        0.7684,
        0.7722,
        0.805,
        0.8158,
        0.8022,
        0.7736,
        0.7992,
        0.7882,
        0.789,
        0.7292,
        0.8048,
        0.7346
    ]
}