{
    "train_loss": [
        1.370022776113315,
        1.0207785208794204,
        0.8763085383583199,
        0.7776004918004301,
        0.7021982019597833,
        0.6551082826388831,
        0.6045286732048474,
        0.5731078432026234,
        0.5375285023950379,
        0.5146090144037523,
        0.49484048830345273,
        0.4719108286186714,
        0.44940687718123873,
        0.42876213911751454,
        0.41513133463873103,
        0.40261810905808076,
        0.39209587177769706,
        0.37136891520243476,
        0.3637047017585825,
        0.35003899928944354,
        0.3365243827204474,
        0.3329274956009943,
        0.3270185161170296,
        0.31483637425117195,
        0.3054497106191279,
        0.2944453817855736,
        0.2882434820481153,
        0.2860361831474372,
        0.2735804425425489,
        0.2665452152088454,
        0.26025747654917225,
        0.25401974765753205,
        0.25548749254085124,
        0.24644988097927786,
        0.23500644070604307,
        0.2325453012970022,
        0.22825945740226994,
        0.223209447206252,
        0.22321289025818591,
        0.20904996251391078,
        0.2124389053893868,
        0.2065515347692946,
        0.20072889569829303,
        0.1894613575158556,
        0.19625136381099847,
        0.19113857302264395,
        0.18036777774845672,
        0.1843439069661227,
        0.1734001505590806,
        0.1743776601559313
    ],
    "train_acc": [
        0.49877777777777776,
        0.6385777777777778,
        0.6934222222222223,
        0.7306,
        0.7583333333333333,
        0.7732,
        0.7905777777777778,
        0.8037777777777778,
        0.8161555555555555,
        0.8222666666666667,
        0.8301111111111111,
        0.8401777777777778,
        0.8457333333333333,
        0.8527111111111111,
        0.8557111111111111,
        0.8615777777777778,
        0.8652666666666666,
        0.872,
        0.8752222222222222,
        0.8781555555555556,
        0.8831333333333333,
        0.8849777777777778,
        0.8857555555555555,
        0.8916666666666667,
        0.8932666666666667,
        0.8978666666666667,
        0.8997777777777778,
        0.8994666666666666,
        0.9062,
        0.9077555555555555,
        0.9110666666666667,
        0.9114444444444444,
        0.9124222222222222,
        0.9146666666666666,
        0.9179777777777778,
        0.9174222222222223,
        0.9203111111111111,
        0.9231333333333334,
        0.9207111111111111,
        0.9274666666666667,
        0.9262444444444444,
        0.9277111111111112,
        0.9288,
        0.9328666666666666,
        0.9309777777777778,
        0.9315333333333333,
        0.9352,
        0.9361555555555555,
        0.9380222222222222,
        0.9391777777777778
    ],
    "val_loss": [
        1.481294818316834,
        1.2950450845911532,
        1.1055725903450688,
        0.8041197608543348,
        0.8258422733862189,
        0.7383487782900846,
        0.6808372818970982,
        0.9640713871657094,
        0.6836040883879119,
        0.5848272454135025,
        0.6536326108476783,
        0.6454886824269838,
        0.7455145592176462,
        0.8710539844594424,
        0.5630429881754555,
        0.5474280301905885,
        0.5368123129953312,
        0.6104895200910447,
        0.5320826780192459,
        0.6006483684612226,
        0.604435679184485,
        0.546361785429188,
        0.5123570755689959,
        0.5629292656726474,
        0.5546758949190755,
        0.5072697645312623,
        0.7350549399852753,
        0.5400465900384928,
        0.434229929801784,
        0.5205217935616457,
        0.492791205267363,
        0.47380819464031654,
        0.505062424212317,
        0.6169200792342802,
        0.5952740954824641,
        0.5499005483204051,
        0.46021647223188905,
        0.498918747694432,
        0.47043332929098153,
        0.5415129037220267,
        0.523503786023659,
        0.5493951485126833,
        0.48329907297333585,
        0.5177697832637196,
        0.5020389272065102,
        0.5063125377968897,
        0.5270838485677031,
        0.4753548814620398,
        0.5819890959353387,
        0.6150447952124891
    ],
    "val_acc": [
        0.5028,
        0.5294,
        0.6428,
        0.7232,
        0.7116,
        0.747,
        0.7672,
        0.687,
        0.7644,
        0.7942,
        0.7714,
        0.7852,
        0.7574,
        0.7468,
        0.8116,
        0.8148,
        0.8262,
        0.7938,
        0.8302,
        0.8114,
        0.8118,
        0.8204,
        0.835,
        0.8228,
        0.8278,
        0.838,
        0.7834,
        0.8288,
        0.8592,
        0.8368,
        0.8416,
        0.8472,
        0.8422,
        0.8136,
        0.8248,
        0.8354,
        0.8572,
        0.8492,
        0.8528,
        0.8382,
        0.8458,
        0.8426,
        0.8524,
        0.8474,
        0.8502,
        0.8534,
        0.8528,
        0.8606,
        0.8418,
        0.8358
    ]
}