{
    "train_loss": [
        1.4013198105279694,
        1.0342443204400213,
        0.8983119605955753,
        0.8125178786417977,
        0.7318177258765156,
        0.6714608886871826,
        0.6284779345362701,
        0.5956527961587365,
        0.5634096228856255,
        0.5391538824716752,
        0.514408015222712,
        0.4975486648141999,
        0.4709343667650087,
        0.45836783162402833,
        0.44211746999909257,
        0.4282405973750759,
        0.4168454068501226,
        0.40232718810015783,
        0.38971952363764023,
        0.3845422914548015,
        0.37022908517709846,
        0.36166322692720726,
        0.3503696378743784,
        0.3451926711925559,
        0.3403530149741776,
        0.32789092407223175,
        0.32446715904569084,
        0.31439322276591236,
        0.3070676795799624,
        0.3011469175213609,
        0.29550050157757307,
        0.2912063155725429,
        0.2861474295337261,
        0.27880540273194626,
        0.27252261428458785,
        0.2695703679822724,
        0.26269386091735214,
        0.2590331064156172,
        0.2514329379191622,
        0.24467393263793466,
        0.2414553222902627,
        0.23953785049856047,
        0.23924435762984847,
        0.22812522187913684,
        0.23174636273390867,
        0.22368847287725657,
        0.2191116955364123,
        0.21628808525962417,
        0.20843407823915847,
        0.20938702693357217
    ],
    "train_acc": [
        0.49035555555555554,
        0.6333555555555556,
        0.6829111111111111,
        0.7139333333333333,
        0.7442222222222222,
        0.7662666666666667,
        0.7822888888888889,
        0.7933555555555556,
        0.8031777777777778,
        0.8156,
        0.8227777777777778,
        0.8282222222222222,
        0.8366222222222223,
        0.8414222222222222,
        0.8464,
        0.8527333333333333,
        0.8576666666666667,
        0.8614222222222222,
        0.8645555555555555,
        0.8670888888888889,
        0.8734888888888889,
        0.8754666666666666,
        0.8764222222222222,
        0.8802444444444445,
        0.8827777777777778,
        0.8868666666666667,
        0.8873333333333333,
        0.8914,
        0.8931555555555556,
        0.8952444444444444,
        0.8970666666666667,
        0.8994444444444445,
        0.9004888888888889,
        0.9028666666666667,
        0.9037111111111111,
        0.9065777777777778,
        0.9091555555555556,
        0.9107333333333333,
        0.9125333333333333,
        0.9156888888888889,
        0.9143333333333333,
        0.9186,
        0.9154,
        0.9199111111111111,
        0.9194888888888889,
        0.9224222222222223,
        0.9224222222222223,
        0.9234888888888889,
        0.9258222222222222,
        0.9257111111111112
    ],
    "val_loss": [
        1.2184575698043727,
        1.142023551313183,
        0.9159947973263415,
        0.97112739652018,
        0.8037232877332953,
        0.7411284808871113,
        0.6832222376443162,
        0.6490108819702004,
        0.6254597749513916,
        0.6459675069096722,
        0.7776376895512207,
        0.6132696942438053,
        0.5896770107217982,
        0.5299957872757429,
        0.5603199488943136,
        0.547859183972395,
        0.47807934125767476,
        0.5275004457069349,
        0.5134323967408531,
        0.525223211019854,
        0.48859588650962976,
        0.5072322123082755,
        0.5071131500733804,
        0.4977304826054392,
        0.4602143949345697,
        0.49460929978780355,
        0.460226774687254,
        0.47134070183280147,
        0.4481040243106552,
        0.43179364497714406,
        0.5771309846564184,
        0.4248985958910441,
        0.4656428873916216,
        0.4739497139861312,
        0.46468411348288574,
        0.47578093791498416,
        0.4455297341027969,
        0.45574605087690717,
        0.4402150988956041,
        0.4507235293807108,
        0.5000218443713987,
        0.43973457417156125,
        0.4198329229190757,
        0.41285784476542775,
        0.4576875555175769,
        0.45609495264206884,
        0.41712140110380286,
        0.44583688129352617,
        0.45489441061133074,
        0.44418138482525377
    ],
    "val_acc": [
        0.5642,
        0.6166,
        0.68,
        0.6724,
        0.7184,
        0.7322,
        0.7656,
        0.7706,
        0.783,
        0.7762,
        0.7572,
        0.796,
        0.7974,
        0.8144,
        0.8108,
        0.8104,
        0.8318,
        0.8212,
        0.8326,
        0.8238,
        0.8318,
        0.8366,
        0.8304,
        0.8354,
        0.847,
        0.8404,
        0.8482,
        0.8438,
        0.8538,
        0.8628,
        0.8154,
        0.866,
        0.848,
        0.85,
        0.8552,
        0.848,
        0.8594,
        0.8564,
        0.8694,
        0.8588,
        0.8494,
        0.8594,
        0.8672,
        0.8686,
        0.8544,
        0.8588,
        0.8722,
        0.8644,
        0.8646,
        0.87
    ]
}